Article Title,Authors,Article URL,Author Information
482: EVALUATION OF SPEECH AND SWALLOW FUNCTION IN POST-ICU CLINIC PATIENTS,"Mahmood, Syed1; Feng, Xin2; McCullough, Gary3; Bode, Allison2; Files, Daniel4; Kenes, Michael4; Bookstaver, Rebecca4; Bakhru, Rita4
Author Information",https://journals.lww.com/ccmjournal/citation/2020/01001/482__evaluation_of_speech_and_swallow_function_in.446.aspx,"1Wake Forest Baptist Medical Center, Winston-Salem, NC
2Wake Forest University School of Medicine, Winston-Salem, NC
3Appalachian State University, Boone, NC
4Wake Forest Baptist Medical Center, Winston Salem, NC"
483: HEMOSUCCUS PANCREATICUS: A RARE CAUSE OF GASTROINTESTINAL BLEEDING,"Czajkowski, Eric1; Chinni, Sushma2; Anand, Neesha3; Almouradi, Tarek2
Author Information",https://journals.lww.com/ccmjournal/citation/2020/01001/483__hemosuccus_pancreaticus__a_rare_cause_of.447.aspx,"1Lake In The Hills, IL
2Advocate Christ Medical Center, Oak Lawn, IL
3University of Illinois College of Medicine At Chicago, Chicago, IL"
484: A CASE OF ACETAMINOPHEN INJECTION-INDUCED ACUTE LIVER FAILURE (COMA TYPE),"Katsuki, Shino1; Miyamoto, Kazuyuki1; Inoue, Kazuaki1; Inoue, Gen1; Takayasu, Hiromi1; Fukuda, Kenichiro2; Ohno, Takanori1; Sasaki, Jun1; Dohi, Kenji3; Hayashi, Munetaka1
Author Information",https://journals.lww.com/ccmjournal/citation/2020/01001/484__a_case_of_acetaminophen_injection_induced.448.aspx,"1Showa University Fujigaoka Hospital, Yokohama, Japan
2Showa University School of Medicine, Tokyo, Japan
3Showa University, Tokyo, Japan"
485: WERNICKE ENCEPHALOPATHY SECONDARY TO HYPEREMESIS GRAVIDARUM DURING INTRAVENOUS THIAMINE SHORTAGE,"McIntyre, Mary1,,2; Bingham, Angela1,,2; Delic, Justin1,,2
Author Information",https://journals.lww.com/ccmjournal/citation/2020/01001/485__wernicke_encephalopathy_secondary_to.449.aspx,"1Philadelphia College of Pharmacy, Philadelphia, PA
2Cooper University Hospital, Camden, NJ"
486: GLIM-DIRECTED MALNUTRITION PREDICTS MORBIDITY AND MORTALITY AFTER EMERGENT GASTROINTESTINAL SURGERY,"Lao, William1; Haines, Krista1; Anderson, David1; Gallagher, Scott1; Agarwal, Suresh1; Wischmeyer, Paul2
Author Information",https://journals.lww.com/ccmjournal/citation/2020/01001/486__glim_directed_malnutrition_predicts_morbidity.450.aspx,"1Duke University, Durham, NC
2Duke University School of Medicine, Durham, NC"
487: AN EVALUATION OF THE EFFECT OF AGE AND INCOME ON READMISSIONS IN PATIENTS WITH ACUTE PANCREATITIS,"Schorr, Christa1; Gaughan, John2
Author Information",https://journals.lww.com/ccmjournal/citation/2020/01001/487__an_evaluation_of_the_effect_of_age_and_income.451.aspx,"1Cooper Hospital University Medical Center, Camden, NJ
2Cooper Medical School of Rowan University, Camden, NJ"
488: EFFECTS OF A FASTING PROTOCOL FOR SURGICAL INTENSIVE CARE UNIT PATIENTS PRIOR TO GENERAL ANESTHESIA,"Barrick, Christy1; Kutcher, Matthew1; Palokas, Michelle2; Spicer, Beverly2
Author Information",https://journals.lww.com/ccmjournal/citation/2020/01001/488__effects_of_a_fasting_protocol_for_surgical.452.aspx,"1Jackson, MS
2University of Mississippi Medical Center, Jackson, MS"
489: INDIRECT CALORIMETRY: A MORE SUITABLE NUTRITIONAL ASSESSMENT TOOL IN SEVERE TRAUMATIC BRAIN INJURY,"Wu, Sonia1; Iqbal, Sameena2; Alam, Norine2; Razek, Tarek3; Deckelbaum, Dan2; Grushka, Jeremy2; Marcoux, Judith2; Giroux, Melanie4; Khwaja, Kosar2
Author Information",https://journals.lww.com/ccmjournal/citation/2020/01001/489__indirect_calorimetry__a_more_suitable.453.aspx,"1McGill University, Faculty of Medicine, Montreal, QC, Canada
2McGill University Health Center (MUHC), Montreal, Quebec
3Montreal University Health Center (MUHC), Montreal, Quebec
4Mcgill University Health Center (MUHC), Montreal, Quebec"
490: ESTIMATED VERSUS MEASURED ENERGY EXPENDITURE IN VENTILATED SURGICAL/TRAUMA ICU PATIENTS,"Kamel, Amir1; Robayo, Laura2; Liang, Debbie3; Rosenthal, Martin2; Voils, Stacy2; Efron, Philip2; Ghita, Gabriella2; Brumback, Babette2; Moore, Frederick2; Brakenridge, Scott2
Author Information",https://journals.lww.com/ccmjournal/citation/2020/01001/490__estimated_versus_measured_energy_expenditure.454.aspx,"1University of Florida Health, Gainesville, FL
2University of Florida, Gainesville, FL
3UNC REX Healthcare, Raleigh, NC"
491: PREHOSPITAL CALORIC DEFICITS IN SURGICAL PATIENTS,"Sadeghi, John1; Cal, Matthew2; Sugiyama, Gainosuke3; Patel, Vihas4; Coppa, Gene4; Barrera, Rafael5
Author Information",https://journals.lww.com/ccmjournal/citation/2020/01001/491__prehospital_caloric_deficits_in_surgical.455.aspx,"1Manhasset, NY
2Long Island Jewish Medical Center, Manhasset, NY
3Long Island Jewish Medical Center, Queens, NY
4Long Island Jewish Medical Center, New Hyde Park, NY
5Long Island Jewish Medical Ctr, New York, NY"
492: ENTERAL NUTRITION IN CRITICALLY ILL PATIENTS WITH CONCURRENT VASOPRESSORS: IS IT SAFE?,"Finnell, Kristina1; Giancarelli, Amanda2; Liu-DeRyke, Xi2; Hobbs, Brandon3
Author Information",https://journals.lww.com/ccmjournal/citation/2020/01001/492__enteral_nutrition_in_critically_ill_patients.456.aspx,"1AdventHealth East Orlando, Orlando, FL
2Orlando Regional Medical Center, Orlando, FL
3Orlando, FL"
493: THE IMPACT OF VERY EARLY ENTERAL NUTRITION IN PATIENTS WITH SEVERE ACUTE PANCREATITIS,"Horibe, Masayasu1; Nakashima, Ikue2; Sanui, Masamitsu3; Sasaki, Mitsuhito4; Sawano, Hirotaka5; Goto, Takashi6; Ikeura, Tsukasa7; Takeda, Tsuyoshi8; Oda, Takuya9; Yasuda, Hideto10; Ogura, Yuki11; Iwasaki, Eisuke1; Mayumi, Toshihiko12; Kanai, Takanori1
Author Information",https://journals.lww.com/ccmjournal/citation/2020/01001/493__the_impact_of_very_early_enteral_nutrition_in.457.aspx,"1Keio University School of Medicine, Shinjuku-ku, Japan
2Saiseikai Kumamoto Hospital, Kumamotoshi, Japan
3Jichi Medical University Saitama Medical Center, Saitama, Japan
4Oncology National Cancer Center Hospital, Tokyo, Japan
5Saiseikai Senri Hospital, Senri, Japan
6Hiroshima City Hiroshima Citizens Hospital, Hiroshima city, Japan
7Kansai Medical University, Hirakata, Japan
8The University of Tokyo, Bunkyo-ku, Japan
9Iizuka Hospital, Iizuka City, Fukuoka
10Japanese Red Cross Musashino Hospital, Shinjuku-ku, Japan
11Tokyo Metropolitan Tama Medical Center, Fuchu city, Japan
12School of Medicine University of Occupational and Environmental Health, KitaKyushu, Japan"
494: DAILY FEEDING TUBE MIGRATION ASSESSED USING AN ELECTROMAGNETIC DEVICE,"Bourgault, Annette1; Powers, Jan2; Aguirre, Lillian3; Hines, Robert1
Author Information",https://journals.lww.com/ccmjournal/citation/2020/01001/494__daily_feeding_tube_migration_assessed_using.458.aspx,"1University of Central Florida, Orlando, FL
2Parkview Health, Fort Wayne, IN
3Orlando Health, Orlando, FL"
495: THE MOLECULAR ADSORBENT RECIRCULATING SYSTEM IN ACUTE LIVER FAILURE: A MULTICENTER COHORT STUDY,"MacDonald, Andrew1; Shropshire, Brianne2; Olson, Jody3; Karvellas, Constantine4
Author Information",https://journals.lww.com/ccmjournal/citation/2020/01001/495__the_molecular_adsorbent_recirculating_system.459.aspx,"1University of Alberta, Edmonton, Alberta
2University of Kansas, Kansas City, KS
3University of Kansas Hospital Authority, Kansas City, KS
4University of Alberta, Edmonton, AB"
496: BUDD-CHIARI SYNDROME FROM A TUNNELED DIALYSIS CATHETER?,"Butt, Ifrah1; Dave, Kairavee1; Rindy, Lucas1; Concepcion, Livasky2; Heller, Daniel3; Kaplan, Steven1; Kasmin, Franklin1; Rivas, John1
Author Information",https://journals.lww.com/ccmjournal/citation/2020/01001/496__budd_chiari_syndrome_from_a_tunneled_dialysis.460.aspx,"1Aventura Hospital and Medical Center, Aventura, FL
2Aventura Hospital Medical Center, Aventura, FL
3Aventura, FL"
497: ACUTE ISCHEMIC PANCREATITIS: A RARE COMPLICATION OF SICKLE CELL CRISIS,"Tiwari, Aparna1; Soni, Parita2; Kupfer, Yizhak1; Sinha, Ankur1
Author Information",https://journals.lww.com/ccmjournal/citation/2020/01001/497__acute_ischemic_pancreatitis__a_rare.461.aspx,"1Maimonides Medical Center, Brooklyn, NY
2Brooklyn, NY"
498: A CASE OF HYPERAMMONEMIA-INDUCED ENCEPHALOPATHY SECONDARY TO HEPATIC SINUSOIDAL OBSTRUCTION SYNDROME,"Afridi, Faraz1; Chizinga, Mwelwa1; Reddy, Raju1
Author Information",https://journals.lww.com/ccmjournal/citation/2020/01001/498__a_case_of_hyperammonemia_induced.462.aspx,"1University of Florida, Gainesville, FL"
499: AN UNUSUAL CASE OF PSEUDOMYXOMA PERITONEI IN THE ICU,"Tewari, Praful1; Taleb, Mohammad2; Hernandez, Dawn-Alita3; Ahmed, Tamer Said2
Author Information",https://journals.lww.com/ccmjournal/citation/2020/01001/499__an_unusual_case_of_pseudomyxoma_peritonei_in.463.aspx,"1Perrysburg, OH
2University of Toledo, Toledo, OH
3University of Toledo Medical Center, Toledo, OH"
500: DIAG-“NA”-STIC HICCUPS OF PANCREATITIS,"Belle, Tanya1; Jayaprakash, Namita1
Author Information",https://journals.lww.com/ccmjournal/citation/2020/01001/500__diag__na__stic_hiccups_of_pancreatitis.464.aspx,"1Detroit, MI"
501: NEUROCOGNITIVE OUTCOMES AND MORTALITY ON PEDIATRIC ECMO ARE PROPORTIONAL TO BLEEDING SEVERITY,"Doane, Katherine1,,2; Guffey, Danielle1; Loftis, Laura1,,2; Nguyen, Trung1,,2; Musick, Matthew1,,2; Ruth, Amanda1,,2; Coleman, Ryan1,,2; Saini, Arun1,,2
Author Information",https://journals.lww.com/ccmjournal/citation/2020/01001/501__neurocognitive_outcomes_and_mortality_on.465.aspx,"1Baylor College of Medicine, Houston, TX
2Texas Children’s Hospital, Houston, TX"
502: THROMBIN GENERATION IMPROVES EVALUATION OF PEDIATRIC HEMOSTATIC POTENTIAL ON EXTRACORPOREAL SUPPORT,"Clouthier, Katie1; Miszta, Adam1; Laux, Jeffrey1; Sharma, Mahesh1; Clement, Katherine1; Wolberg, Alisa1
Author Information",https://journals.lww.com/ccmjournal/citation/2020/01001/502__thrombin_generation_improves_evaluation_of.466.aspx,"1University of North Carolina, Chapel Hill, NC"
503: EFFECT OF PLATELET TRANSFUSIONS ON EXTRACORPOREAL LIFE SUPPORT OXYGENATOR FUNCTION,"Chegondi, Madhuradhar1; Badheka, Aditya1; Karam, Oliver2
Author Information",https://journals.lww.com/ccmjournal/citation/2020/01001/503__effect_of_platelet_transfusions_on.467.aspx,"1Stead Family Children’s Hospital, University of Iowa, Iowa City, IA
2VCU Health System, Richmond, VA"
504: COMPARING ANTITHROMBIN ACTIVITY IN INFANTS WITH CYANOTIC AND ACYANOTIC CONGENITAL HEART DISEASE,"Mowrer, Michael1; Deshpande, Girish2; White, Shanna3; Jesudas, Rohith4; Tarantino, Michael4
Author Information",https://journals.lww.com/ccmjournal/citation/2020/01001/504__comparing_antithrombin_activity_in_infants.468.aspx,"1University of Texas Southwestern, Dallas, TX
2University Of Illinois College Of Medicine- Peoria, Peoria, IL
3University of California Los Angeles, Los Angeles, CA
4Bleeding & Clotting Disorders Institute, Peoria, IL"
505: CHARACTERISTICS AND OUTCOMES OF NEONATES WITH HEMOPHAGOCYTIC LYMPHOHISTIOCYTOSIS,"Balakumar, Niveditha1; Totapally, Balagangadhar2
Author Information",https://journals.lww.com/ccmjournal/citation/2020/01001/505__characteristics_and_outcomes_of_neonates_with.469.aspx,"1Nicklaus Children’s Hospital, Coral Gables, FL
2Nicklaus Children’s Hospital, Miami, FL"
506: BLEEDING IN PEDIATRIC PATIENTS WITH PROLONGED INR: EFFECTS OF VITAMIN K AND FRESH FROZEN PLASMA,"Koshel, Christine1; Hassinger, Amanda1; Michienzi, Kelly1; Kramer, Bree1
Author Information",https://journals.lww.com/ccmjournal/citation/2020/01001/506__bleeding_in_pediatric_patients_with_prolonged.470.aspx,"1John R. Oishei Children’s Hospital, University at Buffalo, Buffalo, NY"
"507: HEMOPHAGOCYTIC LYMPHOHISTIOCYTOSIS, SEIZURES, AND MULTIORGAN FAILURE IN A CHILD WITH RHINOVIRUS","Groves, Kelley1; Bline, Katherine2; Stewart, Claire2
Author Information","https://journals.lww.com/ccmjournal/citation/2020/01001/507__hemophagocytic_lymphohistiocytosis,_seizures,.471.aspx","1Nationwide Children’s Hospital at Ohio State University, Columbus, OH
2Columbus, OH"
508: INTRACRANIAL HEMORRHAGE IN AN INFANT: A CASE OF DELAYED-ONSET VITAMIN K DEFICIENCY BLEEDING,"Gabela Sanchez, Maria Alejandra1; Manley, Mary1; Bacon, Matt1; Shenoi, Asha1
Author Information",https://journals.lww.com/ccmjournal/citation/2020/01001/508__intracranial_hemorrhage_in_an_infant__a_case.472.aspx,"1University of Kentucky, Lexington, KY"
509: RECURRENT HEMORRHAGE IN A CHILD REQUIRING EXTRACORPOREAL SUPPORT FOR MYCOPLASMA PNEUMONIAE ARDS,"Kavanagh, Robert1; Davis, Joshua1; Ericson, Jessica1; DeMartini, Theodore1
Author Information",https://journals.lww.com/ccmjournal/citation/2020/01001/509__recurrent_hemorrhage_in_a_child_requiring.473.aspx,"1Penn State College of Medicine, Hershey, PA"
510: PARDS ASSOCIATED WITH SEVERE HYPEREOSINOPHILIA: A RARE PRESENTATION OF NEW-ONSET LEUKEMIA,"Asencio, Jessica1; Kassis, Ola1; Bhutada, Jessica Sheth1; Doan, Andrew1; Beltramo, Fernando2
Author Information",https://journals.lww.com/ccmjournal/citation/2020/01001/510__pards_associated_with_severe.474.aspx,"2Children’s Hospital Los Angeles, Los Angeles, CA
2Los Angeles, CA"
511: LIFESAVING LIPOPHERESIS: UNEXPLAINED HYPERTRIGLYCERIDEMIA IN A PEDIATRIC BURN PATIENT ON VV ECMO,"Barger, James1; Hernandez, Matthew2; Frantz, Amanda3
Author Information",https://journals.lww.com/ccmjournal/citation/2020/01001/511__lifesaving_lipopheresis__unexplained.475.aspx,"1University of Florida, Gainesville, FL
2University of Florida
3Gainesville, FL"
512: HEMOGLOBIN MEASURES IN PEDIATRIC ECMO: DOES POINT-OF-CARE AGREE WITH COMPLETE BLOOD CELL COUNT?,"Sethi, Louisa1; Nicol, Kathleen1; Flowers, Maggie1; Joshua Frazier, W.2; Kilgallon, Kevin3; Muszynski, Jennifer4
Author Information",https://journals.lww.com/ccmjournal/citation/2020/01001/512__hemoglobin_measures_in_pediatric_ecmo__does.476.aspx,"1Nationwide Children’s Hospital, Columbus, OH
2Ohio State University Children’s Hospital, Columbus, OH
3Children’s Hospital Colorado, Aurora, CO
4Children’s Hospital/Ohio State University, Columbus, OH"
"513: CASE SERIES OF 49 CENTRAL LINE-ASSOCIATED DVTS IN CHILDREN: RISK FACTORS, PROPHYLAXIS, AND TREATMENT","Burkiewicz, Kimberly1; Astle, Michele2; Jesudas, Rohith3; Mischler, Matthew4; Gehlbach, Jonathan5; Tripathi, Sandeep6
Author Information",https://journals.lww.com/ccmjournal/citation/2020/01001/513__case_series_of_49_central_line_associated.477.aspx,"1N/A
2OSF St Francis Medical Center, Peoria
3Bleeding & Clotting Disorders Institute, Peoria, IL
4OSF health care, Peoria, IL
5University of Illinois College of Medicine - Peoria, Peoria, IL
6OSF St Francis Medical Center, Edwards, IL"
514: COMPARING THE IMPACT OF DIC ON MORTALITY IN PEDIATRIC HLH AND SEPSIS,"Smaglick, Michael1; Goldman, Jordana1; Kennedy, Curtis2; Lang, Anna3; Allen, Carl4; McClain, Kenneth4; Nguyen, Trung1
Author Information",https://journals.lww.com/ccmjournal/citation/2020/01001/514__comparing_the_impact_of_dic_on_mortality_in.478.aspx,"1Baylor College of Medicine/Texas Children’s Hospital, Houston, TX
2Baylor College Of Medicine/Texas Children’s Hospital, Houston, TX
3Baylor College of Medicine, Houston, TX
4Baylor College of Medicine/Texas Children’s Hospital, Houston, TX"
515: TEG AND IMPEDANCE AGGREGOMETRY TO PREDICT PLATELET TRANSFUSION DURING BYPASS FOR PEDIATRIC PATIENTS,"Barker, Erin1; Saini, Arun2; Gazit, Avihu3; Baltagi, Sirine4; Spinella, Philip5; Gage, Brian6; Shea, Susan6
Author Information",https://journals.lww.com/ccmjournal/citation/2020/01001/515__teg_and_impedance_aggregometry_to_predict.479.aspx,"1Rochester, NY
2Baylor College of Medicine, Houston, TX
3Saint Louis, MO
4Washington University in Saint Louis School of Medicine, Saint Louis, MO
5Washington University In Saint Louis, Saint Louis, MO
6Washington University School of Medicine, St. Louis, MO"
516: SORGHUM CONSUMPTION CAUSING SEVERE METHEMOGLOBINEMIA,"Kothari, Harsh1; Wellnitz, Kari1; Badheka, Aditya1
Author Information",https://journals.lww.com/ccmjournal/citation/2020/01001/516__sorghum_consumption_causing_severe.480.aspx,"1University of Iowa Hospital and Clinics, Iowa City, IA"
517: ANEMIA: HOW LOW CAN YOU GO?,"Perez, Michelle1; Medar, Shivanand1; Manwani, Deepa1; Derespina, Kim2
Author Information",https://journals.lww.com/ccmjournal/citation/2020/01001/517__anemia__how_low_can_you_go_.481.aspx,"1Children’s Hospital at Montefiore, Bronx, NY
2Bronx, NY"
518: SECONDARY HEMOPHAGOCYTIC LYMPHOHISTIOCYTOSIS IN A PATIENT WITH ACUTE LYMPHOBLASTIC LEUKEMIA,"Al Ali, Alyaa1; Seelisch, Jennifer1; Ramsi, Musaab2
Author Information",https://journals.lww.com/ccmjournal/citation/2020/01001/518__secondary_hemophagocytic_lymphohistiocytosis.482.aspx,"1Children’s Hospital, London Health Sciences Centre, London Ontario, Canada
2Sheikh Khalifa Medical City, Abu Dhabi"
519: FATAL INTRACRANIAL HEMORRHAGE IN A NEWBORN: PARENTAL REFUSAL OF POSTNATAL VITAMIN K IS UNACCEPTABLE,"Lew, Alicia1; Sochet, Anthony2; Nakagawa, Thomas3; Bingham, Ladonna4; Lucrezia, Samantha5
Author Information",https://journals.lww.com/ccmjournal/citation/2020/01001/519__fatal_intracranial_hemorrhage_in_a_newborn_.483.aspx,"1University of South Florida, Tampa, FL
2Johns Hopkins University, Johns Hopkins All Children’s Hospital, St. Petersburg, FL
3St. Petersburg, FL
4Johns Hopkins University; Johns Hopkins All Children’s Hospital, St. Petersburg, FL
5Johns Hopkins All Children’s Hospital, FL"
520: SOMETIMES THE HOOFBEATS BELONG TO A ZEBRA,"Aggarwal, Shefali1; Saeed, Fasiha1
Author Information",https://journals.lww.com/ccmjournal/citation/2020/01001/520__sometimes_the_hoofbeats_belong_to_a_zebra.484.aspx,"1Advocate Children’s Hospital, Park Ridge, IL"
521: ANTI-INHIBITOR COAGULANT COMPLEX FOR HEMORRHAGE REVERSAL IN PATIENTS TAKING APIXABAN AND RIVAROXABAN,"Mertz, Sean1; Chehab, Fatme2; Koerber, John3; Hoffman, Janet3; Smythe, Maureen2
Author Information",https://journals.lww.com/ccmjournal/citation/2020/01001/521__anti_inhibitor_coagulant_complex_for.485.aspx,"1Cleveland Clinic Foundation, Cleveland, OH
2Wayne State University, Detroit, MI
3Beaumont Hospital - Royal Oak, Royal Oak, MI"
522: FIXED LOW-DOSE HEPARIN AS INITIAL ANTICOAGULATION FOLLOWING VENTRICULAR ASSIST DEVICE IMPLANTATION,"Morrisette, Matthew1; Patel, Ashni1; Dunn, Steven1
Author Information",https://journals.lww.com/ccmjournal/citation/2020/01001/522__fixed_low_dose_heparin_as_initial.486.aspx,"1University of Virginia Health System, Charlottesville, VA"
523: COMPARISON OF FIXED-DOSE AND WEIGHT-BASED 4-FACTOR PCC TO REVERSE WARFARIN-ASSOCIATED HEMORRHAGE,"Peters, Nicholas1; Roque, Tara2; Carmody, Brednan3
Author Information",https://journals.lww.com/ccmjournal/citation/2020/01001/523__comparison_of_fixed_dose_and_weight_based.487.aspx,"1Suburban Hospital - Johns Hopkins Medicine, Bethesda, MD
2IntensiMed LLC Suburban Hospital
3Suburban Hospital, Bethesda, MD"
524: EVALUATION OF ENOXAPARIN PROPHYLAXIS EXPOSURE AND VENOUS THROMBOEMBOLISM IN CRITICALLY ILL PATIENTS,"Chapman, Scott1; Charboneau, Alex2; Banton, Kaysie3; Fung, Linli4; Lunos, Scott2; Tholkes, Tony2; Beilman, Gregory2
Author Information",https://journals.lww.com/ccmjournal/citation/2020/01001/524__evaluation_of_enoxaparin_prophylaxis_exposure.488.aspx,"1University of Minnesota College of Pharmacy Experimental and Clinical Pharmacology, Minneapolis, MN
2University of Minnesota, Minneapolis, MN
3Swedish Institute, Englewood, CO
4University of Minnesota College of Pharmacy, Minneapolis, MN"
525: CHARACTERISTICS AND COMPLICATIONS OF TUMOR LYSIS SYNDROME IN HEMATOLOGIC MALIGNANCIES,"Roy, Arya Mariam1; Konda, Manojna1; Goel, Akshay2; Meena, Nikhil3
Author Information",https://journals.lww.com/ccmjournal/citation/2020/01001/525__characteristics_and_complications_of_tumor.489.aspx,"1University of Arkansas for Medical Sciences, Little Rock, AR
2University of Arkansas for Medical Sciences
3University of Arkansas For Medical Sciences Medical Center, Little Rock, AR"
"526: PLATELET TRANSFUSION REFRACTORINESS IN THE ICU AT A TERTIARY CARE CENTER IN RIYADH, SAUDI ARABIA","Arabi, Saeed1; Al-Mahayni, Abdullah2; Al-Omair, Abdulrahman2; Al-Dorzi, Hasan3; Masuadi, Emad2; Damlaj, Moussab4
Author Information",https://journals.lww.com/ccmjournal/citation/2020/01001/526__platelet_transfusion_refractoriness_in_the.490.aspx,"1College of Medicine, King Saud bin Abdulaziz University for Health Sciences, Riyadh
2College of Medicine, King Saud bin Abdulaziz University for Health Sciences, Riyadh, Saudi Arabia
3King Abdul Aziz Medical City - Pulmonary & Critical Care Medicine, Riyadh, Saudi Arabia
4King Abdulaziz Medical City - Adult Hematology, Riyadh, Saudi Arabia"
527: EVALUATING THE SAFETY AND EFFECTIVENESS OF ANDEXANET ALFA AT A TERTIARY ACADEMIC MEDICAL CENTER,"Girgis, Justina1; Adler, Alexandra2; O’Brien, Kerry2; Uhl, Lyanne2; Elsamadisi, Pansy2; Wex, Nicole2; Bhatt, Snehal2; Eche, Mary3
Author Information",https://journals.lww.com/ccmjournal/citation/2020/01001/527__evaluating_the_safety_and_effectiveness_of.491.aspx,"1Beth Israel Deaconess Medical Cetner, Boston, MA
2Beth Israel Deaconess Medical Center, Boston, MA
3Beth Israel Deaconess Medical Center, Milton, MA"
528: CLOPIDOGREL-INDUCED THROMBOTIC THROMBOCYTOPENIC PURPURA WITH SUCCESSFUL TRANSITION TO TICAGRELOR,"Magee, Carolyn1; Spiegel, Michelle1; Wiggins, Barbara1; Lim, Ming2
Author Information",https://journals.lww.com/ccmjournal/citation/2020/01001/528__clopidogrel_induced_thrombotic.492.aspx,"1Medical University of South Carolina, Charleston, SC
2University of Utah, Salt Lake City, UT"
529: SPONTANEOUS INFERIOR PHRENIC ARTERY RUPTURE IN A PATIENT WITH SUPRATHERAPEUTIC INR,"Umadat, Goyal1; Lewis, Kristyn1; Cushenbery, Kristin1; Guru, Pramod1; Sanghavi, Devang1
Author Information",https://journals.lww.com/ccmjournal/citation/2020/01001/529__spontaneous_inferior_phrenic_artery_rupture.493.aspx,"1Mayo Clinic Jacksonville, Jacksonville, FL"
530: THE MANY FACES OF ACUTE MYELOID LEUKEMIA,"Kalarikkal, Zeid1; Fox-Dahl, Karolyn1; Mahal, Elizabeth1; Greiner, Timothy2; Tulpule, Sunil2; Neuhalfen, Kelsey2; Rohe, Eric2
Author Information",https://journals.lww.com/ccmjournal/citation/2020/01001/530__the_many_faces_of_acute_myeloid_leukemia.494.aspx,"1University of Nebraska Medical Center, Omaha, NE
2University of Nebraska Medical Center, Omaha, NE"
531: SECONDARY IMMUNE THROMBOCYTOPENIA IN A PATIENT WITH UNDERLYING MONOCLONAL GAMMOPATHY OF UNDETERMINED,"Rehan, Mehboob1; Jared, Morton1; Avondet, Alan2; Rashid, Asma2; Miller, John3; Whatmore, Douglas4; Uzair Lodhi, Muhammad1
Author Information",https://journals.lww.com/ccmjournal/citation/2020/01001/531__secondary_immune_thrombocytopenia_in_a.495.aspx,"1Eastern Idaho Regional Medical Center, Idaho Falls, ID
2Eastern Idaho Regional Medical Center, Ammon, ID
3Idaho Falls, ID
4Eastern Idaho Medical Consultants, Idaho Falls, ID"
532: HEMOPHAGOCYTIC LYMPHOHISTIOCYTOSIS COMPLICATED BY ARDS AND PANHYPOGLOBULINEMIA,"Marin Garcia, Gerald Lee1; Garmer, Stephanie2; Bonano-Rios, Amalia1; Rivera Agosto, Mariela M.3; Torres-Palacios, Jose4
Author Information",https://journals.lww.com/ccmjournal/citation/2020/01001/532__hemophagocytic_lymphohistiocytosis.496.aspx,"1VA Caribbean Healthcare System, San Juan, PR
2University of Puerto Rico Hospital, Carolina, PR
3VA Caribbean Healthcare System, Vega Alta, Puerto Rico
4Veterans Affairs Caribbean Healthcare System, San Juan, PR"
533: FATAL CASE OF ACQUIRED TTP IN THE SETTING OF LONG-TERM PLAVIX THERAPY,"Chesini, Gino1; West, Jake2; Campbell, Ruth3; Heckart, Jonathan3; Guevara-Hernandez, Maria4
Author Information",https://journals.lww.com/ccmjournal/citation/2020/01001/533__fatal_case_of_acquired_ttp_in_the_setting_of.497.aspx,"1N/A
2Des Moines, IA
3Mercy Medical Center, Des Moines, IA
4Iowa Medical Collaborative (internal medicine residency faculty), Des Moines, IA"
534: ACUTE INTRACEREBRAL HEMORRHAGE ASSOCIATED WITH EXTENSIVE VENOUS THROMBOSIS DUE TO SPONTANEOUS HIT,"Domecq Garces, Juan Pablo1; Poterucha, Joseph2; Kashani, Kianoush1
Author Information",https://journals.lww.com/ccmjournal/citation/2020/01001/534__acute_intracerebral_hemorrhage_associated.498.aspx,"1Mayo Clinic, Rochester, MN
2Mayo Clinic, La Crosse, WI"
535: ENCEPHALOPATHY IN ACCELERATED-PHASE CML,"Mendpara, Rachana1,,2
Author Information",https://journals.lww.com/ccmjournal/citation/2020/01001/535__encephalopathy_in_accelerated_phase_cml.499.aspx,"1Savannah, GA
2Memorial Health University Medical Center, Savannah, GA"
536: RENAL CELL CARCINOMA PRESENTING AS ACUTE FULMINANT DISSEMINATED INTRAVASCULAR COAGULATION,"Lewis, Kristyn1; Seneviratne, Danushka1; Roy, Archana1
Author Information",https://journals.lww.com/ccmjournal/citation/2020/01001/536__renal_cell_carcinoma_presenting_as_acute.500.aspx,"1Mayo Clinic, Jacksonville, FL"
537: LIFE-THREATENING IATROGENIC PHLEGMASIA CERULEA DOLENS AFTER RETURN OF SPONTANEOUS CIRCULATION,"Kaur, Navneet1; Perez Garcia, Yanet1; Del Sol, David1; Malcynski, John2,,3
Author Information",https://journals.lww.com/ccmjournal/citation/2020/01001/537__life_threatening_iatrogenic_phlegmasia.501.aspx,"1Florida Atlantic University Charles E. Schmidt College of Medicine, Boca Raton, FL
2Critical Care Medicine, Clinical Affiliate Associate Professor, Boyton Beach, FL
3Florida Atlantic University Charles E. Schmidt College of Medicine, Bethesda Hospital East, Boynton Beach, FL"
538: IRON: AN ELEMENT NOT TO BE IGNORED,"Thomas, Kyle1; Kathrin Jaehne, Anja1; Potti, Chinmayee1; Ackerman, Adam1; Lezotte, Jonathan1; Ruhala, Joseph1; Jones, Adam1; Johnson, Jeffrey1; Gupta, Arielle1; Gill, Jasreen1; Cook, Aaron1; Rivers, Emanuel1
Author Information",https://journals.lww.com/ccmjournal/citation/2020/01001/538__iron__an_element_not_to_be_ignored.502.aspx,"1Henry Ford Hospital, Detroit, MI"
"539: CRITICALLY ILL PATIENTS OVEREXPRESS HEPCIDIN, BECOME ANEMIC AND RESISTANT TO ERYTHROPOIETIN THERAPY","Lindberg, Gordon1; Potenza, Bruce2; Nemeth, Elizabeta3; Collier, Bryan4
Author Information","https://journals.lww.com/ccmjournal/citation/2020/01001/539__critically_ill_patients_overexpress_hepcidin,.503.aspx","1University of Colorado School of Medicine, Roanoke, VA
2Veterans Affairs Hospital, Phoenix, AZ
3UCLA, Los Angeles, CA
4Carilion Roanoke Memorial Hospital, Roanoke, VA"
540: IMPACT OF OBESITY ON WARFARIN REVERSAL WITH FIXED-DOSE FACTOR EIGHT INHIBITOR BYPASSING ACTIVITY,"McKinney, Amanda1; Dailey, Lindsey2; McMillen, James1; Shaun Rowe, A.3
Author Information",https://journals.lww.com/ccmjournal/citation/2020/01001/540__impact_of_obesity_on_warfarin_reversal_with.504.aspx,"1University of Tennessee Medical Center, Knoxville, TN
2Froedtert Hospital, Milwaukee, WI
3University of TN College of Pharmacy, Knoxville, TN"
541: LOW- VERSUS HIGH-DOSE FOUR-FACTOR PROTHROMBIN COMPLEX CONCENTRATE BLEEDING REVERSAL STRATEGIES,"Andrew Wilsey, H1; Pandya, Komal2
Author Information",https://journals.lww.com/ccmjournal/citation/2020/01001/541__low__versus_high_dose_four_factor_prothrombin.505.aspx,"1Binghamton School of Pharmacy, Binghamton, NY
2University of Kentucky Medical Center, Lexington, KY"
542: AMINOCAPROIC ACID VERSUS CRYOPRECIPITATE FOR ALTEPLASE-RELATED HEMORRHAGE,"Verkerk, Brittany1; Cham, Samantha2; Berger, Karen3; Lesch, Christine1
Author Information",https://journals.lww.com/ccmjournal/citation/2020/01001/542__aminocaproic_acid_versus_cryoprecipitate_for.506.aspx,"1New York Presbyterian Allen Hospital, New York, NY
2SUNY Downstate Medical Center, Brooklyn, NY
3New York Presbyterian Weill Cornell Medical Center, New York, NY"
543: HEPARIN-INDUCED THROMBOCYTOPENIA: BLEEDING COMPLICATIONS FROM OVERDIAGNOSIS AND OVERTREATMENT,"Coriasso, Christopher1; Sampath Kumar, Hanish2; O’Brien, Jacklyn2; Sadaka, Farid3
Author Information",https://journals.lww.com/ccmjournal/citation/2020/01001/543__heparin_induced_thrombocytopenia__bleeding.507.aspx,"1Mercy Hospital, St. Louis, MO
2Mercy Hospital St Louis, Saint Louis, MO
3Mercy Hospital St Louis, Saint Louis, MO"
544: PREDICTIVE VALUE OF 4T’S AND HEP SCORE FOR HIT WITH MECHANICAL CIRCULATORY SUPPORT,"Hamidi, Arzo1; Kram, Shawn2; Kram, Bridgette3; Schultheis, Jennifer2; Levy, Jerrold4; Lee, Hui-Jie5; Arepally, Gowthami3
Author Information",https://journals.lww.com/ccmjournal/citation/2020/01001/544__predictive_value_of_4t_s_and_hep_score_for.508.aspx,"1Annandale, VA
2Durham, NC
3Duke University Hospital, Durham, NC
4Duke University Medical Center, Durham, NC
5Duke University, Durham, NC"
545: BLEEDING CONTROL WITH RVIIA: A CASE OF INTRACRANIAL HEMORRHAGE IN SETTING CLOTTING FACTOR INHIBITION,"Rahman, Awan1; Trager, Jonathan1
Author Information",https://journals.lww.com/ccmjournal/citation/2020/01001/545__bleeding_control_with_rviia__a_case_of.509.aspx,"1St. Luke’s University Health Network, Bethlehem, PA"
546: ENOXAPARIN-RELATED FATAL SPONTANEOUS RETROPERITONEAL HEMORRHAGE,"Farley, Thomas1
Author Information",https://journals.lww.com/ccmjournal/citation/2020/01001/546__enoxaparin_related_fatal_spontaneous.510.aspx,"1UCSF Health, San Francisco, CA"
547: SECONDARY HEMOPHAGOCYTIC LYMPHOHISTIOCYTOSIS ASSOCIATED WITH INVASIVE PULMONARY ASPERGILLOSIS,"Umekawa, Sari1; Evans, Timothy1
Author Information",https://journals.lww.com/ccmjournal/citation/2020/01001/547__secondary_hemophagocytic_lymphohistiocytosis.511.aspx,"1UCSF Fresno, Fresno, CA"
548: ACUTE CHEST SYNDROME IN A LIVER TRANSPLANT RECIPIENT WITH SICKLE CELL DISEASE: A CLINICAL CONUNDRUM,"Stroud, Leisy1; Sreedharan, Roshni2
Author Information",https://journals.lww.com/ccmjournal/citation/2020/01001/548__acute_chest_syndrome_in_a_liver_transplant.512.aspx,"1Cleveland, Ohio
2Cleveland Clinic Foundation, Cleveland, OH"
549: ANDEXANET ALFA HEMOSTATIC OUTCOMES AND THROMBOTIC EVENT INCIDENCE AT AN ACADEMIC MEDICAL CENTER,"Stevens, Victoria1; MacLaren, Robert2; Trujillo, Toby3; Mueller, Scott4; Reynolds, Paul5; Kiser, Tyree6
Author Information",https://journals.lww.com/ccmjournal/citation/2020/01001/549__andexanet_alfa_hemostatic_outcomes_and.513.aspx,"1University of Colorado Skaggs School of Pharmacy, Denver, CO
2Aurora, CO
3University of Colorado - Denver, Aurora, CO
4University of Colorado School of Pharmacy, Aurora, CO
5Castle Rock, CO
6University of Colorado Anschutz Medical Campus, Aurora, CO"
550: CRITICAL ILLNESS COMPLICATIONS OF CHIMERIC ANTIGEN RECEPTOR T CELL THERAPY TREATED IN THE ICU,"Personett, Heather1; De Moraes, Alice Gallo2; Herrmann, Joerg1; Lin, Yi1
Author Information",https://journals.lww.com/ccmjournal/citation/2020/01001/550__critical_illness_complications_of_chimeric.514.aspx,"1Mayo Clinic, Rochester, MN
2Mayo Clinic Department of Anesthesiology, Rochester, MN"
551: CASE SERIES OF FATAL HEMOPHAGOCYTIC LYMPHOHISTIOCYTOSIS IN CANCER PATIENTS,"Heatter, Juliana1; Martin, Peyton2; Manjappachar, Nirmala2; Cuenca, John1; Reddy, Dereddi Raja3; Nates, Joseph4
Author Information",https://journals.lww.com/ccmjournal/citation/2020/01001/551__case_series_of_fatal_hemophagocytic.515.aspx,"1The University of Texas MD Anderson Cancer Center, Houston, TX
2Houston, TX
3Missouri City, TX
4University of Texas MD Anderson Center, Houston, TX"
552: FOUR-FACTOR PROTHROMBIN COMPLEX CONCENTRATE FOR THE REVERSAL OF DIRECT ORAL ANTICOAGULANTS,"Zada, Ilanit1; Wang, Shan2; Akerman, Meredith3; Hanna, Adel3
Author Information",https://journals.lww.com/ccmjournal/citation/2020/01001/552__four_factor_prothrombin_complex_concentrate.516.aspx,"1Brooklyn, NY
2Mineola, NY
3NYU Winthrop Hospital, Mineola, NY"
553: INTRAVASCULAR LYMPHOMA PRESENTING WITH CRITICAL NEUROLOGIC DETERIORATION,"Vine, Jacob1; Lichter, Yael1; Oz, Amir Gal1; Perry, Chava1; Pasternak, Yotam1; Adi, Nimrod1
Author Information",https://journals.lww.com/ccmjournal/citation/2020/01001/553__intravascular_lymphoma_presenting_with.517.aspx,"1Tel Aviv Sourasky Medical Center, Tel Aviv, Israel"
554: SUCCESSFUL INITIATION OF ELTROMBOPAG IN THE INTENSIVE CARE UNIT FOR EVANS SYNDROME,"Cundiff, Caitlin1; Tendler, Rachel1; Ortega, Omar1; Nahab, Fadi2; Mehta, Ishan2
Author Information",https://journals.lww.com/ccmjournal/citation/2020/01001/554__successful_initiation_of_eltrombopag_in_the.518.aspx,"1Emory Saint Joseph’s Hospital of Atlanta, Atlanta, GA
2Emory University Hospital, Atlanta, GA"
555: LEPTOMENINGEAL MYELOMATOSIS: A RARE LIFE-THREATENING COMPLICATION OF MULTIPLE MYELOMA,"Sharma, Rakshya1; Devasahayam, Joe2
Author Information",https://journals.lww.com/ccmjournal/citation/2020/01001/555__leptomeningeal_myelomatosis__a_rare.519.aspx,"1University of South Dakota Sanford School of Medicine, Sioux Falls, SD
2University of Missouri- Columbia Hospital and Clinic, Columbia, MO"
556: THE MANAGEMENT OF ANEMIA IN A CRITICALLY ILL JEHOVAH’S WITNESS PATIENT USING DARBEPOETIN ALFA,"Wise, Celeste1; Chan, Richard1
Author Information",https://journals.lww.com/ccmjournal/citation/2020/01001/556__the_management_of_anemia_in_a_critically_ill.520.aspx,"1Cleveland Clinic Euclid Hospital, Euclid, OH"
557: QUETIAPINE-INDUCED NEUTROPENIA AND THROMBOCYTOPENIA,"Saeed, Mariam1; Khan, Zinobia1; Bachan, Moses1; Khan, Muneer2
Author Information",https://journals.lww.com/ccmjournal/citation/2020/01001/557__quetiapine_induced_neutropenia_and.521.aspx,"1Bronx, NY
2Guthrie Robert Packer Hospital, Sayre, PA"
558: WARM AND COLD AUTOANTIBODY HEMOLYTIC ANEMIA CREATES CHALLENGING MANAGEMENT IN AN INTENSIVE CARE UNIT,"Miller, Peter1
Author Information",https://journals.lww.com/ccmjournal/citation/2020/01001/558__warm_and_cold_autoantibody_hemolytic_anemia.522.aspx,"1Wake Forest School of Medicine, Winston-Salem, NC"
559: ATYPICAL ANTICOAGULANT EFFECT DURING TRANSITION FROM BIVALIRUDIN TO WARFARIN,"Smyke, Matthew1; Tripathi, Ravi1; Rozycki, Alan1
Author Information",https://journals.lww.com/ccmjournal/citation/2020/01001/559__atypical_anticoagulant_effect_during.523.aspx,"1Ohio State University, Columbus, OH"
560: A RARE CASE OF HEMOPHAGOCYTIC LYMPHOHISTIOCYTOSIS SECONDARY TO MURINE TYPHUS,"Fajilan, Adriel1; Verma, Divya2; Omranian, Ali1
Author Information",https://journals.lww.com/ccmjournal/citation/2020/01001/560__a_rare_case_of_hemophagocytic.524.aspx,"1Baylor College of Medicine, Department of Pulmonary and Critical Care Medicine, Houston, TX
2Baylor College of Medicine, Department of Internal Medicine, Houston, TX"
561: NOVEL IDENTIFICATION OF MYELOID-DERIVED SUPPRESSOR CELLS IN PEDIATRIC SEPTIC SHOCK,"Bline, Katherine1; Muszynski, Jennifer2; Guess, Adam3; Menocha, Somaang4; Hensley, Josey4; Jedreski, Kathleen5; Goldthwaite, Ian6; Steele, Lisa7; Popelka, Jill4; Flowers, Maggie1; Ayad, Leahmaria6; Hall, Mark1
Author Information",https://journals.lww.com/ccmjournal/citation/2020/01001/561__novel_identification_of_myeloid_derived.525.aspx,"1Nationwide Children’s Hospital, Columbus, OH
2Children’s Hospital/Ohio State University, Columbus, OH
3Columbus, OH
4The Research Institute at Nationwide Children’s Hospital, Columbus, OH
5Nationwide Children’s Hospital Research Institute, Columbus, OH
6Nationwide Children’s Hospital, Columbus, OH
7Nationwide Children’s Hospital, Columbus, OH"
562: DECLINE OF TISSUE RESIDENT MEMORY CD4 AND CD8 T CELL NUMBERS FOLLOWING AN ACUTE RSV INFECTION,"Luangrath, Mitchell1; Schmidt, Megan2; Varga, Steven2
Author Information",https://journals.lww.com/ccmjournal/citation/2020/01001/562__decline_of_tissue_resident_memory_cd4_and_cd8.526.aspx,"1University of Iowa Hospital and Clinics, Iowa City, IA
2University of Iowa, Iowa City, IA"
563: INTRAVENOUS IMMUNOGLOBULIN USE IN CRITICALLY ILL CHILDREN,"Jutras, Camille1; Du Pont-Thibodeau, Genevieve1; Lacroix, Jacques1; Sauthier, Michael1; Robitaille, Nancy1,,2; Tucci, Marisa1
Author Information",https://journals.lww.com/ccmjournal/citation/2020/01001/563__intravenous_immunoglobulin_use_in_critically.527.aspx,"1Sainte-Justine Hospital, University of Montreal, Montreal, Canada
2Héma-Québec, Montreal, Canada"
564: ACUTE BILATERAL BLINDNESS IN A 10-YEAR-OLD GIRL WITH AQP4-IGG- NEGATIVE NEUROMYELITIS OPTICA,"Preroff, Britton1; Marthia, Vanessa2; Michienzi, Kelly3; Koshel, Christine4; Breuer, Ryan5
Author Information",https://journals.lww.com/ccmjournal/citation/2020/01001/564__acute_bilateral_blindness_in_a_10_year_old.528.aspx,"1Oishei Children’s Hospital, Buffalo, NY
2Women and Children’s Hospital of Buffalo, Buffalo, NY
3Women & Children’s Hospital of Buffalo, Buffalo, NY
4Buffalo, NY
5Women and Children’s Hospital of Buffalo, Williamsville, NY"
565: IL-10 SUPPRESSES IL-12B SYNTHESIS THROUGH HISTONE DEACETYLASE 3 MEDIATION IN ALVEOLAR MACROPHAGES,"Stanfield, Brent1; Palmer, Scott1; Purves, Todd1; Haines, Krista2; Agarwal, Suresh3; Kasotakis, George4
Author Information",https://journals.lww.com/ccmjournal/citation/2020/01001/565__il_10_suppresses_il_12b_synthesis_through.529.aspx,"1Duke University, Durham, NC
2Durham, NC
3Duke University, Durham, NC
4Duke University Medical Center, Durham, NC"
566: CHECKPOINT INHIBITORS AND POTENTIALLY FATAL IMMUNE-RELATED ADVERSE EVENTS: A CASE SERIES,"Manjappachar, Nirmala1; Cuenca, John1; Heatter, Juliana1; Martin, Peyton1; Sterling, Brandon1; Nates, Joseph1; Reddy, Dereddi Raja1
Author Information",https://journals.lww.com/ccmjournal/citation/2020/01001/566__checkpoint_inhibitors_and_potentially_fatal.530.aspx,"1The University of Texas MD Anderson Cancer Center, Houston, TX"
567: A RARE CASE OF RISPERIDONE OVERDOSE CAUSING ANGIOEDEMA,"Ranjha, Suhayb1; Ali, Mirza2; Al-Bast, Basma1; Song, Mingchen1
Author Information",https://journals.lww.com/ccmjournal/citation/2020/01001/567__a_rare_case_of_risperidone_overdose_causing.531.aspx,"1Southern Illinois University School of Medicine, Springfield, IL
2Southern Illinois University School of Medicine, Springfield, IL"
568: A RARE CASE OF NIMODIPINE-INDUCED ANGIOEDEMA,"Caban, Ana Berbel1; Davis, Nicole1; Reilly, Kaitlin1; Waqar, Omar1; Jin, Haoli1; Smith, Tukisa1
Author Information",https://journals.lww.com/ccmjournal/citation/2020/01001/568__a_rare_case_of_nimodipine_induced_angioedema.532.aspx,"1Mount Sinai Hospital, New York, NY"
569: LATE-ONSET COMBINED IMMUNE DEFICIENCY PRESENTED AS PNEUMOCYSTIS PNEUMONIA IN AN HIV-NEGATIVE PATIENT,"Jin, Duo1; Liao, Hung-I2
Author Information",https://journals.lww.com/ccmjournal/citation/2020/01001/569__late_onset_combined_immune_deficiency.533.aspx,"1Department of Internal Medicine, Cook County Health, Chicago, IL
2Pulmonary & Critical Care Medicine, Cook County Health, Chicago, IL"
570: ANGIOEDEMA FOLLOWING RTPA ADMINISTRATION FOR ACUTE ISCHEMIC STROKE WHILE ON LISINOPRIL,"Walberg, Melissa1; Bacon, David2; Hatton, Kevin2
Author Information",https://journals.lww.com/ccmjournal/citation/2020/01001/570__angioedema_following_rtpa_administration_for.534.aspx,"1University of Kentucky, Lexington, KY
2Lexington, KY"
"571: ANTIINFLAMMATORY ACTIVITY OF WIN55,212-2, A NONSELECTIVE CANNABINOID CB1/CB2 RECEPTOR AGONIST","Bradley, Jennifer1; Yanyan, Wang2; Jankovic, Lazar3; Huang, Iris1; Sharma, Esha1; Moore, Christine4; Peberdy, Mary5; Ornato, Joseph6; Tang, Wanchun7; Zhou, Huiping2
Author Information","https://journals.lww.com/ccmjournal/citation/2020/01001/571__antiinflammatory_activity_of_win55,212_2,_a.535.aspx","1Weil Institute of Emergency and Critical Care Research at VCU, Richmond, VA
2Department of Microbiology and Immunology, VCU, Richmond, VA
3Weil Institute of Emergency and Critical Care Research at Virginia Commonwealth, Richmond, VA
4Weil Institute of Emergency and Critical Care Research, Richmond, VA
5VCU Health System, Richmond, VA
6Medical College of Virginia, Richmond, VA
7Virginia Commonwealth University, Glen Allen, VA"
572: CHARACTERIZATION OF POSTOPERATIVE INFECTION RISK IN DELAYED STERNAL CLOSURE PATIENTS,"Li, Matthew1; Mazzeffi, Michael2; Gammie, James2; Banoub, Mary1; Herr, Daniel2; Madathil, Ronson2; Pazhani, Yogitha3; Pousatis, Sheelagh2; Bathula, Allison1
Author Information",https://journals.lww.com/ccmjournal/citation/2020/01001/572__characterization_of_postoperative_infection.536.aspx,"1University of Maryland Medical Center, Baltimore, MD
2University of Maryland School of Medicine, Baltimore, MD
3University of Maryland School of Pharmacy, Baltimore, MD"
573: ATYPICAL LEMIERRE SYNDROME IN THE SETTING OF GROUP C STREPTOCOCCAL SEPSIS AND JAUNDICE,"McNulty, Stephen1; Reinert, Justin2; Aouad, Arlette3
Author Information",https://journals.lww.com/ccmjournal/citation/2020/01001/573__atypical_lemierre_syndrome_in_the_setting_of.537.aspx,"1Western Reserve Hospital, Cuyahoga Falls, OH
2Fisch College of Pharmacy, The University of Texas at Tyler, Tyler, TX
3Mercy Health St. Vincent Medical Center, Toledo, OH"
574: INVASIVE ASPERGILLOSIS WITH DEVASTATING CARDIAC INVOLVEMENT,"Chukwuka, Okolo1; Dicpinigaitis, Peter2; Fecher, Roger2
Author Information",https://journals.lww.com/ccmjournal/citation/2020/01001/574__invasive_aspergillosis_with_devastating.538.aspx,"1Montefiore Medical Center, Bronx, NY
2Albert Einstein Hospital, Bronx, NY"
575: EMPHYSEMATOUS KIDNEY AND PYELONEPHRITIS IN A DIABETIC WOMAN MANAGED WITH EMPAGLIFLOZIN,"Echeverria, Pablo1; Rynerson, Zachary1; Saa, Julia2
Author Information",https://journals.lww.com/ccmjournal/citation/2020/01001/575__emphysematous_kidney_and_pyelonephritis_in_a.539.aspx,"1HSHS St. Elizabeth’s Hospital-Vituity, O’Fallon, IL
2Universidad De Las Americas, Escuela De Medicina, Quito, Ecuador"
576: KINETICS OF NEUTROPHIL-TO-LYMPHOCYTE RATIO IN BACTEREMIA SUBJECTS IN THE INTENSIVE CARE UNIT,"Mrad, Ali1; Procopio, Vincent2; Calvo-Ayala, Enrique3
Author Information",https://journals.lww.com/ccmjournal/citation/2020/01001/576__kinetics_of_neutrophil_to_lymphocyte_ratio_in.540.aspx,"1Henry Ford Health System, Shelby Township, MI
2Clinton Township, MI
3Detroit, MI"
578: USE OF COMPLETE BLOOD COUNT SUBGROUP PARAMETERS IN PREDICTING S AUREUS BACTEREMIA MORTALITY,"Matthews, Emily1; Brummitt, Charles1; Cook, Margaret1; Dilworth, Thomas1
Author Information",https://journals.lww.com/ccmjournal/citation/2020/01001/578__use_of_complete_blood_count_subgroup.541.aspx,"1Advocate Aurora Health, Milwaukee, WI"
579: SEVERE INFECTIONS BY EXTENSIVELY DRUG-RESISTANT ACINETOBACTER CALCOACETICUS-BAUMANNII COMPLEX,"Avalos, Guadalupe Aguirre1; Ramos-Martin, Victor2; Román-Jiménez, Carmen3; Mártinez, Óscar Radillo4; Gómez, Arturo Navarro4; Murguía, Adrián Rojas4; Hernandez, Alejandra Sanchez3; Rico, Hermes1; Blanco-Ornelas, Luis5; Rosas-Pérez, Adriana2; Mijangos-Mendez, Julio6; Corona-Jiménez, Federico2; López Pulgarín, José Arnulfo7; Ibarra-Estrada, Miguel8; Chavez- Peña, Quetzalcoatl5; Colunga Lozano, Luis E.9; Amaya Tapia, Gerardo3
Author Information",https://journals.lww.com/ccmjournal/citation/2020/01001/579__severe_infections_by_extensively.542.aspx,"1Universidad de Guadalajara, Hospital Civil de Guadalajara, Guadalajara, Jalisco
2Hospital Civil de Guadalajara, Guadalajara, Jalisco
3Universidad de Guadalajara, Guadalajara, Jalisco
4Universidad De Guadalajara, Guadalajara, Jalisco
5Universidad de Guadalajara, Hospital Civil de Guadalajara, Guadalajara, Mexico
6Universidad de Guadalajara, Hospital Civil de Guadalajara, Ciudad de Mexico, Mexico
7Universidad de Guadalajara, Hospital Civil De Guadalajara, Guadalajara
8Hospital Civil de Guadalajara, Guadalajara, Mexico
9Hospital Civil de Guadalajara, Guadalajara, Mexico"
580: CONSERVATIVE MANAGEMENT OF KLEBSIELLA PNEUMONIAE LIVER ABSCESSES MIMICKING MALIGNANCY IN ASIAN MAN,"Echeverria, Pablo1; Saa, Julia2
Author Information",https://journals.lww.com/ccmjournal/citation/2020/01001/580__conservative_management_of_klebsiella.543.aspx,"1HSHS St. Elizabeth’s Hospital-Vituity, O’Fallon, IL
2Universidad De Las Americas, School of Medicine, Quito, Ecuador"
581: IMPLEMENTATION OF AN ANTIMICROBIAL GUIDE ON OUTCOMES IN COMPLICATED INTRA-ABDOMINAL INFECTIONS,"Beatrous, Kelsey1; Wiley, Tessa1; Dukes, Alan1; Ostrenga, Andrew1; Logan, Melissa2; Kutcher, Matthew3
Author Information",https://journals.lww.com/ccmjournal/citation/2020/01001/581__implementation_of_an_antimicrobial_guide_on.544.aspx,"1University of Mississippi Medical Center, Jackson, MS
2Hudson, FL
3Jackson, MS"
582: A DELAYED/MISSED DIAGNOSIS OF LEPTOSPIROSIS,"Dhawan, Samarth1
Author Information",https://journals.lww.com/ccmjournal/citation/2020/01001/582__a_delayed_missed_diagnosis_of_leptospirosis.545.aspx,"1James J Peters VA Medical Center, New York, NY"
583: A NEAR-FATAL CASE OF BABESIOSIS TREATED WITH EXCHANGE THERAPY,"Sawal, Naina1; Kumar, Rishi2
Author Information",https://journals.lww.com/ccmjournal/citation/2020/01001/583__a_near_fatal_case_of_babesiosis_treated_with.546.aspx,"1Syracuse, NY
2SUNY Upstate, Syracuse, NY"
584: NOCARDIA NOVA LIVER ABSCESSES POST-ALLOGENEIC HEMATOPOIETIC STEM CELL TRANSPLANT,"Pamudurthy, Vijeta1; Abraham, Raju2; Anderson, Michael2
Author Information",https://journals.lww.com/ccmjournal/citation/2020/01001/584__nocardia_nova_liver_abscesses_post_allogeneic.547.aspx,"1Riverside Medical Center, Bolingbrook, IL
2Riverside Medical Center, Kankakee, IL"
585: A RARE CASE OF AUSTRIAN SYNDROME IN AN ELDERLY WOMAN,"Rajeeve, Sridevi1; Sabharwal, Basera2; Kohli, Paaras2; Hoskote, Abhinav2; Patadia, Deep3; Salonia, James1
Author Information",https://journals.lww.com/ccmjournal/citation/2020/01001/585__a_rare_case_of_austrian_syndrome_in_an.548.aspx,"1New York, NY
2St. Luke’s Roosevelt Hospital Center, New York, NY
3Mount Sinai Beth Israel, New York"
586: GM-CSF-ATTENUATED SEPSIS-INDUCED ACUTE KIDNEY INJURY BY PROMOTING MACROPHAGE POLARIZATION,"Li, Yiming1; Su, Lianjiu2; Zhang, Jing3; Peng, Zhiyong4
Author Information",https://journals.lww.com/ccmjournal/citation/2020/01001/586__gm_csf_attenuated_sepsis_induced_acute_kidney.549.aspx,"1Wuhan, AA, China
2Department of Critical Care Medicine of Zhongnan Hospital of Wuhan University, Wuhan City, Hubei Province, China
3Department of Critical Care Medicine of Zhongnan Hospital of Wuhan University, Wuhan, China
4Pittsburgh, PA"
587: PREDICTIVE VALUE OF SERUM PROCALCITONIN FOR BACTEREMIA IN PATIENTS WITH PNEUMONIA IN THE ED,"LEE, SANGHOON1
Author Information",https://journals.lww.com/ccmjournal/citation/2020/01001/587__predictive_value_of_serum_procalcitonin_for.550.aspx,"1Soeul, South Korea"
588: CHARACTERIZATION OF LOW CEFEPIME LEVELS IN HOSPITALIZED PATIENTS,"Tucker, Calvin1
Author Information",https://journals.lww.com/ccmjournal/citation/2020/01001/588__characterization_of_low_cefepime_levels_in.551.aspx,"1Jacksonville, FL"
589: A LIFE-THREATENING CASE OF CERVICOFACIAL ACTINOMYCOSIS,"Patti, Ravi Karan1; Sharma, Shaurya2; Sinha, Ankur3; Hashmi, Arsalan3; Somal, Navjot3
Author Information",https://journals.lww.com/ccmjournal/citation/2020/01001/589__a_life_threatening_case_of_cervicofacial.552.aspx,"1Maimonides Medical Center, Brooklyn, New York
2Maimonides Medical Center, New York, NY
3Maimonides Medical Center, Brooklyn, NY"
590: LONG-TERM OUTCOMES FOLLOWING SPLENECTOMY IN PATIENTS WITHOUT VACCINE: A TEN-YEAR RETROSPECTIVE STUDY,"XIE, Qin1; Gan, Quan2; Peng, Zhiyong3
Author Information",https://journals.lww.com/ccmjournal/citation/2020/01001/590__long_term_outcomes_following_splenectomy_in.553.aspx,"1Wuhan University Zhongnan Hospital, Wuhan, China
2Hubei Provincial Maternal and Children Health Care Hospital, Wuhan, China
3Zhongnan Hospital of Wuhan University, Wuhan, Hubei"
591: LINEZOLID REDUCES TIME TO RESOLUTION OF VANCOMYCIN-RELATED NEPHROTOXICITY IN NOSOCOMIAL PNEUMONIA,"Andrews, Lauren1,,2; Gregory, Eric2; Blevins, Adam2; Archer, Sydney2; Britt, Nicholas2
Author Information",https://journals.lww.com/ccmjournal/citation/2020/01001/591__linezolid_reduces_time_to_resolution_of.554.aspx,"1University of Illinois at Chicago College of Pharmacy, Chicago, IL
2The University of Kansas Health System, Kansas City, KS"
592: PROLONGED ANTIBIOTIC PROPHYLAXIS IN EXTERNAL VENTRICULAR DRAIN PLACEMENT: JUST A DRAIN ON RESOURCES?,"Turner, Stephen1; Hobbs, Athena2; Zhorne, Maria2; Newsom, Kristie2
Author Information",https://journals.lww.com/ccmjournal/citation/2020/01001/592__prolonged_antibiotic_prophylaxis_in_external.555.aspx,"1Regional One Health, Memphis, TN
2Baptist Memorial Hospital, Memphis, TN"
593: EFFECT OF CEFEPIME DOSAGE ON NEUROTOXICITY DEVELOPMENT IN CRITICALLY ILL ADULT PATIENTS,"Khan, Attiya1; DeMott, Joshua1; Varughese, Christy1; Hammond, Drayton1
Author Information",https://journals.lww.com/ccmjournal/citation/2020/01001/593__effect_of_cefepime_dosage_on_neurotoxicity.556.aspx,"1Rush University Medical Center, Chicago, IL"
594: A CASE OF HUMAN HERPESVIRUS 6 ENCEPHALITIS IN A HEALTHY YOUNG IMMUNOCOMPETENT PATIENT,"Sargi, Jad1; Nangrani, Kunal1; Kalaji, Wael1; Takkouche, Sahar1; Davis, michele1; Adarkwah, Obed1; Zeibeq, John1; Mesiha, Nabil1; Rosenberg, joshua1; Gerolemou, Louis1; Samad, Reza1
Author Information",https://journals.lww.com/ccmjournal/citation/2020/01001/594__a_case_of_human_herpesvirus_6_encephalitis_in.557.aspx,"1The Brooklyn Hospital Center, Brooklyn, NY"
595: STREPTOCOCCUS PSEUDOPORCINUS: A NOVEL PATHOGEN IN A FATAL CASE OF AORTIC AND MITRAL ENDOCARDITIS,"Benzar, Ruth1
Author Information",https://journals.lww.com/ccmjournal/citation/2020/01001/595__streptococcus_pseudoporcinus__a_novel.558.aspx,"1Virginia Mason Medical Center, Seattle, WA"
596: A RARE CASE REPORT OF PROGRESSIVE MULTIFOCAL LEUKOENCEPHALOPATHY PRESENTING WITH INSOMNIA,"Kumar, Dileep1; Saeed, Mariam1; Ahmed, Aziz2; Bachan, Moses1; Khan, Zinobia1
Author Information",https://journals.lww.com/ccmjournal/citation/2020/01001/596__a_rare_case_report_of_progressive_multifocal.559.aspx,"1Bronx, NY
2North Central Bronx Hospital, Bronx, NY"
597: INFLUENZA-ASSOCIATED ENCEPHALITIS: A DIFFICULT DIAGNOSIS,"Thalji, Mousa1; Kazmierski, Daniel1
Author Information",https://journals.lww.com/ccmjournal/citation/2020/01001/597__influenza_associated_encephalitis__a.560.aspx,"1The Wright Center for Graduate Medical Education, Scranton, PA"
598: SHORT-COURSE ICU ANTIBIOTICS DO NOT CHANGE GUT ANTIMICROBIAL RESISTANCE PHENOTYPE OR GENOTYPE,"Freedberg, Daniel1; Munck, Christian1; Sheth, Ravi1; Chong, David2; Abrams, Julian1; Uhlemann, Anne-Catrin1; Wang, Harris1
Author Information",https://journals.lww.com/ccmjournal/citation/2020/01001/598__short_course_icu_antibiotics_do_not_change.561.aspx,"1Columbia University, New York, NY
2Columbia University, Ardsley, NY"
599: STENOTROPHOMONAS MALTOPHILIA TRIMETHOPRIM-SULFAMETHOXAZOLE RESISTANCE IN A CRITICALLY ILL POPULATION,"Magrum, BrookeAnne1; Elefritz, Jessica2; hanks, Christine2; Murphy, Claire2; Stevenson, Kurt2
Author Information",https://journals.lww.com/ccmjournal/citation/2020/01001/599__stenotrophomonas_maltophilia.562.aspx,"1The Wexner Medical Center at The Ohio State University, Columbus, OH
2The Ohio State Wexner Medical Center, Columbus, OH"
600: IMPLEMENTATION AND EVALUATION OF A DALBAVANCIN PROTOCOL FOR MODERATE SSSIS IN THE ED,"Holyk, Amanda1; McDonald, Jessica1; Newcomb, Brian1; Lewis, Kyle1; Bell, Evan1
Author Information",https://journals.lww.com/ccmjournal/citation/2020/01001/600__implementation_and_evaluation_of_a.563.aspx,"1Mount Nittany Medical Center, State College, PA"
601: CEFTOLOZANE-TAZOBACTAM ACTIVITY VERSUS RESISTANT PSEUDOMONAS AERUGINOSA FROM PNEUMONIA IN THE U.S.,"Shortridge, Dee1; Streit, Jennifer1; DeRyke, Andrew2; Flamm, Robert1
Author Information",https://journals.lww.com/ccmjournal/citation/2020/01001/601__ceftolozane_tazobactam_activity_versus.564.aspx,"1JMI Laboratories, North Liberty, IA
2MRL Merck & Co., Inc., Kenilworth, NJ"
602: CEFIDEROCOL FOR PSEUDOMONAS BACTEREMIA WITH LEFT VENTRICULAR ASSIST DEVICE,,https://journals.lww.com/ccmjournal/citation/2020/01001/602__cefiderocol_for_pseudomonas_bacteremia_with.565.aspx,Error: Could not find clickable author information button
603: IMPACT OF CHLORHEXIDINE BATHING ON ANTIMICROBIAL UTILIZATION IN A SURGICAL INTENSIVE CARE UNIT,"Bui, Lan1,,2; Swan, Joshua3,,2; Perez, Katherine3,,2; Johnson, Michael4; Chen, Hua4; Colavecchia, A. Carmine3; Rizk, Elsie2; Graviss, Edward2
Author Information",https://journals.lww.com/ccmjournal/citation/2020/01001/603__impact_of_chlorhexidine_bathing_on.566.aspx,"1Samford University McWhorter School of Pharmacy, Birmingham, AL
2Houston Methodist Research Institute, Houston, TX
3Houston Methodist Hospital, Houston, TX
4University of Houston, Houston, TX"
604: CLINICAL IMPACT OF HIGH-DOSE PIPERACILLIN-TAZOBACTAM FOR PNEUMONIA IN CRITICALLY ILL OBESE PATIENTS,"Tran, Christina1; Crotty, Matthew1; Akins, Ronda1
Author Information",https://journals.lww.com/ccmjournal/citation/2020/01001/604__clinical_impact_of_high_dose.567.aspx,"1Methodist Dallas Medical Center, Dallas, TX"
605: UTILIZATION OF PROCALCITONIN TO GUIDE ANTIMICROBIAL THERAPY IN AN ACADEMIC MEDICAL CENTER,"Whitten, Jessica1; Rhew, Taylor2; Shenk, McKenzie3; Cheatham, Megan2; Kressel, Amy4
Author Information",https://journals.lww.com/ccmjournal/citation/2020/01001/605__utilization_of_procalcitonin_to_guide.568.aspx,"1Indianapolis, IN
2Eskenazi Health, Indianapolis, IN
3Cedarville University, Cedarville, OH
4Eskenazi Health/IU School of Medicine, Indianapolis, IN"
606: INCIDENCE OF ACUTE KIDNEY INJURY WITH PIPERACILLIN-TAZOBACTAM EXTENDED COMPARED TO STANDARD INFUSION,"Bowers, Emily1; Lin, Jason2; Clayton, Eric2
Author Information",https://journals.lww.com/ccmjournal/citation/2020/01001/606__incidence_of_acute_kidney_injury_with.569.aspx,"1Memorial University Medical Center, Savannah, GA
2Memorial Health University Medical Center, Savannah, GA"
607: CEFTAZIDIME-AVIBACTAM AND AZTREONAM AGAINST MULTIDRUG- RESISTANT PSEUDOMONAS AERUGINOSA,"Toor, Rebecca1; Garcia, Esther1
Author Information",https://journals.lww.com/ccmjournal/citation/2020/01001/607__ceftazidime_avibactam_and_aztreonam_against.570.aspx,"1Broward Health Medical Center, Fort Lauderdale, FL"
608: CHARACTERIZATION OF VANCOMYCIN USE FOR INTRA-ABDOMINAL INFECTIONS IN CRITICALLY ILL PATIENTS,"Volles, David1,,2; Tan, Josephine2; Cox-Hall, Heather2
Author Information",https://journals.lww.com/ccmjournal/citation/2020/01001/608__characterization_of_vancomycin_use_for.571.aspx,"1PharmD, BCCCP, Earlysville, VA
2University of Virginia Health System, Charlottesville, VA"
609: ABDOMINAL COLISTIN IRRIGATION FOR MULTIDRUG-RESISTANT PSEUDOMONAS AERUGINOSA INFECTION,"Amer, Marwa1; Alghunaim, Razan1; Almaghrabi, Reem1
Author Information",https://journals.lww.com/ccmjournal/citation/2020/01001/609__abdominal_colistin_irrigation_for.572.aspx,"1King Faisal Specialist Hospital and Research Center, Riyadh, Saudi Arabia"
610: PREDICTING INFECTION TYPE UPON CLINICAL SUSPICION OF HOSPITAL- ACQUIRED INFECTION,,https://journals.lww.com/ccmjournal/citation/2020/01001/610__predicting_infection_type_upon_clinical.573.aspx,"Error: HTTPConnectionPool(host='localhost', port=54696): Read timed out. (read timeout=120)"
